OA,AA,kappa
91.16876134148801,92.12648784395692,90.45308797511645,96.20355411954766,94.52054794520548,99.85507246376811,90.74675324675324,100.0,91.61490683229813,82.62948207171314,80.11363636363636,69.49152542372882,96.95473251028807,97.95584627964023,91.07289107289107,91.8103448275862,100.0,98.92802450229709
